<BackupInst xmlns="http://www.microsoft.com/GroupPolicy/GPOOperations/Manifest"><GPOGuid><![CDATA[{441E186E-DF8E-489B-939C-F167CE4569CF}]]></GPOGuid><GPODomain><![CDATA[test.local]]></GPODomain><GPODomainGuid><![CDATA[{ff161bcf-f560-46e2-9e20-5f85bafb0006}]]></GPODomainGuid><GPODomainController><![CDATA[WIN-VSQJSS90AT6.test.local]]></GPODomainController><BackupTime><![CDATA[2023-10-31T06:03:20]]></BackupTime><ID><![CDATA[{F4A70563-32A9-4B5F-83B2-9DBE866D54FC}]]></ID><Comment><![CDATA[cyberforce gpo for dc's]]></Comment><GPODisplayName><![CDATA[dc-cyberforce]]></GPODisplayName></BackupInst>
