<BackupInst xmlns="http://www.microsoft.com/GroupPolicy/GPOOperations/Manifest"><GPOGuid><![CDATA[{355BB3A0-F696-4544-9FA9-CC424F00CA6A}]]></GPOGuid><GPODomain><![CDATA[test.local]]></GPODomain><GPODomainGuid><![CDATA[{ff161bcf-f560-46e2-9e20-5f85bafb0006}]]></GPODomainGuid><GPODomainController><![CDATA[WIN-VSQJSS90AT6.test.local]]></GPODomainController><BackupTime><![CDATA[2023-10-31T06:42:35]]></BackupTime><ID><![CDATA[{8DBC52E2-C1DF-4D2D-9A84-0F3760FE3147}]]></ID><Comment><![CDATA[]]></Comment><GPODisplayName><![CDATA[web-cyberforce]]></GPODisplayName></BackupInst>
